date,CS:GO,Counter-Strike,Global Offensive,CS2,Valve CS,CS:GO Major,Major Championship,tournament,IEM Katowice,ESL One,PGL Major,BLAST Premier,DreamHack,Faceit Major,ESEA league,CS:GO Finals,CS:GO Playoffs,Valve Major,CS:GO esports,CS2 update,CS:GO qualifiers,CS:GO playoff match,CS:GO grand finals,CS:GO patch,Operation Riptide,Operation Broken Fang,Operation Hydra,Operation Wildfire,CS:GO skins,CS:GO trade,CS:GO market,CS:GO knives,CS:GO case,CS:GO trading platform,CS:GO keys,CS:GO AK-47 skins,CS:GO AWP skins,CS:GO knives market,CS:GO sticker,CS:GO graffiti,CS:GO VAC ban,CS:GO hacking,CS:GO ban detection,CS2 VAC system,CS:GO pro players,CS:GO best team,CS:GO news,CS:GO highlights,CS:GO funny moments,CS:GO maps,CS:GO Mirage,CS:GO Dust 2,CS:GO Inferno
2004-01-01,0,100,0,2,74,0,0,34,0,0,0,0,2,0,0,0,0,0,0,0,0,0,0,0,0,0,0,0,0,0,0,0,0,0,0,0,0,0,0,0,0,0,0,0,0,0,0,0,0,0,0,0,0
2004-02-01,0,93,0,2,71,0,0,51,0,0,0,0,3,0,0,0,0,0,0,0,0,0,0,0,0,0,0,0,0,0,0,0,0,0,0,0,0,0,0,0,0,0,0,0,0,0,0,0,0,0,0,0,0
2004-03-01,0,88,0,2,60,0,0,100,0,0,0,0,2,0,0,0,0,0,0,0,0,0,0,0,0,0,0,0,0,0,0,0,0,0,0,0,0,0,0,0,0,0,0,0,0,0,0,0,0,0,0,0,0
2004-04-01,0,79,0,3,74,0,64,48,0,3,0,0,3,0,0,0,0,0,0,0,0,0,0,0,0,0,0,0,0,0,0,0,0,0,0,0,100,0,0,0,0,0,0,0,0,0,0,0,0,0,0,0,0
2004-05-01,0,71,0,4,53,0,0,41,0,0,0,0,3,0,0,0,0,0,0,0,0,0,0,0,0,0,0,0,0,0,0,0,0,0,0,0,0,0,0,0,0,0,0,0,0,0,0,0,0,0,0,0,0
2004-06-01,0,70,0,3,45,0,38,44,0,2,0,0,6,0,0,0,0,0,0,0,0,0,0,0,0,0,0,0,0,0,0,0,0,0,0,0,0,0,0,0,0,0,0,0,0,0,0,0,0,0,0,0,0
2004-07-01,0,73,0,3,52,0,46,41,0,2,0,0,2,0,0,0,0,0,0,0,0,0,0,0,0,0,0,0,0,0,0,0,0,0,0,0,0,0,0,0,0,0,0,0,0,0,0,0,0,0,0,0,0
2004-08-01,0,72,0,4,100,0,0,36,0,0,0,0,2,0,0,0,0,0,0,0,0,0,0,0,0,0,0,0,0,0,0,0,0,0,0,0,0,0,0,0,0,0,0,0,0,0,0,0,0,0,0,0,0
2004-09-01,0,52,0,3,66,0,0,29,0,0,0,0,4,3,0,0,0,0,0,0,0,0,0,0,0,0,0,0,0,0,0,0,0,0,0,0,0,0,0,0,0,0,0,0,0,0,0,0,0,0,0,0,0
2004-10-01,0,65,0,5,87,0,48,28,0,3,0,0,4,0,37,0,0,0,0,0,0,0,0,0,0,0,0,0,0,0,0,0,0,0,0,0,0,0,0,0,0,0,0,0,0,0,0,0,0,0,0,0,0
2004-11-01,0,55,0,5,79,0,0,28,0,2,0,0,15,0,0,0,0,0,0,0,0,0,0,0,0,0,0,0,0,0,0,0,0,0,0,0,0,0,0,0,0,0,0,0,0,0,0,0,0,0,0,0,0
2004-12-01,0,66,0,4,99,0,0,30,0,0,0,0,4,0,0,0,0,0,0,0,0,0,0,0,0,0,0,0,0,0,0,0,0,0,0,0,0,0,0,0,0,0,0,0,0,0,0,0,0,0,0,0,0
2005-01-01,0,59,0,3,85,0,0,32,0,0,0,0,2,0,24,0,0,0,0,0,0,0,0,0,0,0,0,0,0,0,0,0,0,0,0,0,0,0,0,0,0,0,0,0,0,0,0,0,0,0,0,0,0
2005-02-01,0,56,0,3,78,0,0,43,0,0,0,0,2,0,0,0,0,0,0,0,0,0,0,0,0,0,0,0,0,0,0,0,0,0,0,0,0,0,0,0,0,0,0,0,0,0,0,0,0,0,0,0,0
2005-03-01,0,51,0,4,63,0,38,79,0,2,0,0,3,0,0,0,0,0,0,0,0,0,0,0,0,0,0,0,0,0,0,0,0,0,0,0,0,0,0,0,0,0,0,0,0,0,0,0,0,0,0,0,0
2005-04-01,0,43,0,36,75,0,44,32,0,2,0,0,2,0,0,0,0,0,0,0,0,0,0,0,0,0,0,0,0,0,0,0,0,0,0,0,0,0,0,0,0,0,0,0,0,0,0,0,0,0,0,0,0
2005-05-01,0,41,0,73,62,0,0,32,0,2,0,0,2,0,0,0,0,0,0,28,0,0,0,0,0,0,0,0,0,0,0,0,0,0,0,0,0,0,0,0,0,0,0,0,0,0,0,0,0,0,0,0,0
2005-06-01,0,40,0,71,41,0,23,33,0,2,0,0,9,0,0,0,0,0,0,35,0,0,0,0,0,0,0,0,0,0,0,0,0,0,0,0,0,0,0,0,0,0,0,0,0,0,0,0,0,0,0,0,0
2005-07-01,0,42,0,73,55,0,60,34,0,0,0,0,5,0,0,0,0,0,0,27,0,0,0,0,0,0,0,0,0,0,0,0,0,0,0,0,0,0,0,0,0,0,0,0,0,0,0,0,0,0,0,0,0
2005-08-01,0,40,0,74,51,0,48,30,0,1,0,0,5,0,0,0,0,0,0,24,0,0,0,0,0,0,0,0,0,0,0,0,0,0,0,0,0,0,0,0,0,0,0,0,0,0,0,0,0,0,0,0,0
2005-09-01,0,34,0,77,52,0,0,22,0,2,0,0,4,0,0,0,0,0,0,31,0,0,0,0,0,0,0,0,0,0,0,0,0,0,0,0,0,0,0,0,0,0,0,0,0,0,0,0,100,0,0,0,0
2005-10-01,0,33,0,80,46,0,20,23,0,2,0,0,6,0,0,0,0,0,0,30,0,0,0,0,0,0,0,0,0,0,0,0,0,0,0,0,0,0,0,0,0,0,0,0,0,0,0,0,0,0,0,0,0
2005-11-01,0,32,0,76,50,0,26,26,0,2,0,0,12,0,0,0,0,0,0,36,0,0,0,0,0,0,0,0,0,0,0,0,0,0,0,0,0,0,0,0,0,0,0,0,0,0,0,0,0,0,0,0,0
2005-12-01,0,35,0,82,49,0,19,27,0,2,0,0,4,0,0,0,0,0,0,28,0,0,0,0,0,0,0,0,0,0,0,0,0,0,0,0,0,0,0,50,0,0,0,0,0,0,0,0,0,0,0,0,0
2006-01-01,0,32,0,80,59,0,17,27,0,2,0,0,2,0,0,0,0,0,0,41,0,0,0,0,0,0,0,0,0,0,0,0,0,0,0,0,0,0,0,0,0,0,0,0,0,0,0,0,0,0,0,0,0
2006-02-01,0,31,0,82,58,0,17,32,0,2,0,0,2,0,0,0,0,0,0,26,0,0,0,0,0,0,0,0,0,0,0,0,0,0,0,0,0,0,0,0,0,0,0,0,0,0,0,0,0,0,0,0,0
2006-03-01,0,28,0,81,51,0,30,74,0,2,0,0,3,0,0,0,0,0,0,28,0,0,0,0,0,0,0,0,0,0,0,0,0,0,0,0,0,0,0,0,0,0,0,0,0,0,0,0,0,0,0,0,0
2006-04-01,0,29,0,82,51,0,52,27,0,1,0,0,3,0,0,0,0,0,0,24,0,0,0,0,0,0,0,0,0,0,0,0,0,0,0,0,0,0,0,0,0,0,0,0,0,0,0,0,0,0,0,0,0
2006-05-01,0,26,0,77,43,0,22,28,0,1,0,0,2,0,0,0,0,0,0,35,0,0,0,0,0,0,0,0,0,0,0,0,0,0,0,0,0,0,0,0,0,0,0,0,0,0,0,0,0,0,0,0,0
2006-06-01,0,25,0,79,46,0,39,28,0,1,0,0,11,0,0,0,0,0,0,40,0,0,0,0,0,0,0,0,0,0,0,0,0,0,0,0,0,0,0,0,0,0,0,0,0,0,0,0,0,0,0,0,0
2006-07-01,0,25,0,84,51,0,42,28,0,2,0,0,3,1,0,0,0,0,0,46,0,0,0,0,0,0,0,0,0,0,0,0,0,0,0,0,0,0,0,0,0,0,0,0,0,0,0,0,0,0,0,0,0
2006-08-01,0,25,0,89,45,0,82,27,0,1,0,0,2,0,0,0,0,0,0,45,0,0,0,0,0,0,0,0,0,0,0,0,0,0,0,0,0,0,0,0,0,0,0,0,0,0,0,0,0,0,0,0,0
2006-09-01,0,23,0,89,35,0,25,19,0,1,0,0,4,0,0,0,0,0,0,48,0,0,0,0,0,0,0,0,0,0,0,0,0,0,0,0,0,0,0,0,0,0,0,0,0,0,0,0,0,0,0,0,0
2006-10-01,0,23,0,92,45,0,30,20,0,1,0,0,8,0,0,0,0,0,0,52,0,0,0,0,0,0,0,0,0,0,0,0,0,0,0,0,0,0,0,0,0,0,0,0,0,0,0,0,0,0,0,0,0
2006-11-01,0,20,0,90,43,0,24,21,0,2,0,0,10,0,0,0,0,0,0,49,0,0,0,0,0,0,0,0,0,0,0,0,0,0,0,0,0,0,0,0,0,0,0,0,0,0,0,0,0,0,0,0,0
2006-12-01,0,24,0,98,50,0,15,21,0,1,0,0,12,0,0,0,0,0,0,44,0,0,0,0,0,0,0,0,0,0,5,0,0,0,0,0,0,0,0,0,0,0,0,0,0,0,0,0,0,0,0,0,0
2007-01-01,0,23,0,94,40,0,26,23,0,2,0,0,3,0,0,0,0,0,0,37,0,0,0,0,0,0,0,0,0,0,0,0,0,0,0,0,0,0,0,0,0,0,0,0,0,0,0,0,0,0,0,0,0
2007-02-01,0,21,0,95,43,0,20,31,0,2,0,0,3,0,0,0,0,0,0,37,0,0,0,0,0,0,0,0,0,0,0,0,0,0,0,0,0,0,0,0,0,0,0,0,0,0,0,0,0,0,0,0,0
2007-03-01,0,21,0,97,39,0,23,70,0,2,0,0,4,0,0,0,0,0,0,47,0,0,0,0,0,0,0,0,0,0,0,0,0,0,0,0,0,0,0,0,0,0,0,0,0,0,0,0,0,0,0,0,0
2007-04-01,0,20,0,100,36,0,30,26,0,1,0,0,3,0,0,0,0,0,0,40,0,0,0,0,0,0,0,0,0,0,0,0,0,0,0,0,0,0,0,0,0,0,0,0,0,0,0,0,0,0,0,0,0
2007-05-01,0,19,0,92,35,0,26,26,0,2,0,0,3,0,0,0,0,0,0,40,0,0,0,0,0,0,0,0,0,0,0,0,0,0,0,0,0,0,0,0,0,0,0,0,0,0,0,0,0,0,0,0,0
2007-06-01,0,19,0,91,37,0,36,25,0,2,0,0,12,0,0,0,0,0,0,40,0,0,0,0,0,0,0,0,0,0,0,0,0,0,0,0,0,0,0,0,0,0,0,0,0,0,0,0,0,0,0,0,0
2007-07-01,0,20,0,84,43,0,23,28,0,2,0,0,2,0,0,0,0,0,0,40,0,100,0,0,0,0,0,0,0,0,0,0,0,0,0,0,0,0,0,0,0,0,0,0,0,0,0,0,0,0,0,0,0
2007-08-01,0,20,0,79,44,0,61,24,0,1,0,0,3,0,0,0,0,0,0,30,0,0,0,0,0,0,0,0,0,0,0,0,0,0,0,0,0,0,0,0,0,0,0,0,0,0,0,0,0,0,0,0,0
2007-09-01,0,18,0,76,33,0,27,19,0,2,0,0,8,0,0,0,0,0,0,29,0,0,0,0,0,0,0,0,0,0,0,0,0,0,0,0,0,0,0,0,0,0,0,0,0,0,0,0,0,0,0,0,0
2007-10-01,0,17,0,72,45,0,28,24,0,1,0,0,5,0,0,0,0,0,0,26,0,0,0,0,0,0,0,0,0,0,0,0,0,0,0,0,0,0,0,0,0,0,0,0,0,0,0,0,0,0,0,0,0
2007-11-01,0,18,0,73,39,0,18,25,0,1,0,0,18,0,0,0,0,0,0,29,0,0,0,0,0,0,0,0,0,0,0,0,0,0,0,0,0,0,0,0,0,0,0,0,0,0,0,0,0,0,0,0,0
2007-12-01,0,20,0,70,48,0,17,27,0,1,0,4,16,0,0,0,0,0,0,35,0,0,0,0,0,0,0,0,0,0,0,0,0,0,0,0,0,0,0,0,0,0,0,0,0,0,0,0,0,0,0,0,0
2008-01-01,0,21,0,72,47,0,22,24,0,1,0,4,3,0,0,0,0,0,0,27,0,0,0,0,0,0,0,0,0,0,0,0,0,0,0,0,0,0,0,0,0,0,0,0,0,0,0,0,0,0,0,0,0
2008-02-01,0,20,0,67,43,0,23,29,0,1,0,0,4,0,0,0,0,36,0,25,0,0,0,0,0,0,0,0,0,0,0,0,0,0,0,0,0,0,0,0,0,0,0,0,0,0,0,0,0,0,0,0,0
2008-03-01,0,19,0,70,46,0,20,67,0,1,0,5,6,0,0,0,0,0,0,26,0,0,0,0,0,0,0,0,0,0,0,0,0,0,0,0,0,0,0,0,0,0,0,0,0,0,0,0,0,0,0,0,0
2008-04-01,0,17,0,62,41,0,32,26,0,2,0,4,4,0,0,0,0,0,0,26,0,0,0,0,0,0,0,0,0,0,0,0,0,0,0,0,0,0,0,0,0,0,0,0,0,0,0,0,0,0,0,0,0
2008-05-01,0,16,0,63,45,0,19,26,0,1,0,0,4,0,0,0,0,0,0,18,0,0,0,0,0,0,0,0,0,0,0,0,0,0,0,0,0,0,0,0,0,0,0,0,0,0,0,0,0,0,0,0,0
2008-06-01,0,16,0,64,43,0,56,24,0,1,0,0,14,0,0,0,0,0,0,21,0,0,0,0,0,0,0,0,0,0,0,0,0,0,0,0,0,0,0,0,0,0,0,0,0,0,0,0,0,0,0,0,0
2008-07-01,0,16,0,62,48,0,35,27,0,1,0,0,3,0,0,0,0,0,0,21,0,0,0,0,0,0,0,0,0,0,0,0,0,0,0,0,0,0,0,0,0,0,0,0,0,0,0,0,0,0,0,0,0
2008-08-01,0,16,0,65,49,0,32,22,0,1,0,3,5,0,0,0,0,0,0,18,0,0,0,0,0,0,0,0,0,0,0,0,0,0,0,0,0,0,0,0,0,0,0,0,0,0,0,0,0,0,0,0,0
2008-09-01,0,14,0,60,46,0,24,16,0,1,0,0,5,0,0,0,0,0,0,19,0,0,0,0,0,0,0,0,0,0,0,0,0,0,0,0,0,0,0,0,0,0,0,0,0,0,0,0,0,0,0,0,0
2008-10-01,0,15,0,61,50,0,22,16,0,1,0,0,4,0,0,0,0,25,0,19,0,0,0,0,0,0,0,0,0,0,0,0,0,0,0,0,0,0,0,0,0,0,0,0,0,0,0,0,0,0,0,0,0
2008-11-01,0,14,0,55,42,0,13,17,0,2,0,0,17,0,0,0,0,0,0,21,0,0,0,0,0,0,0,0,0,0,0,0,0,0,0,0,0,0,0,0,0,0,0,0,0,0,0,0,0,0,0,0,0
2008-12-01,0,15,0,53,52,0,9,19,0,1,0,0,6,0,0,0,0,0,0,15,0,0,0,0,0,0,0,0,0,0,0,0,0,0,0,0,0,0,0,0,0,0,0,0,0,0,0,0,0,0,0,0,0
2009-01-01,0,15,0,58,49,0,15,20,0,1,0,0,4,0,0,0,0,0,0,17,0,0,0,0,0,0,0,0,0,0,0,0,0,0,0,0,0,0,0,0,0,0,0,0,0,0,0,0,0,0,0,0,0
2009-02-01,0,14,0,53,46,0,15,25,0,1,0,0,4,0,0,0,0,0,0,21,0,0,0,0,0,0,0,0,0,0,0,0,0,0,0,0,0,0,0,0,0,0,0,0,0,0,0,0,0,0,0,0,0
2009-03-01,0,13,0,51,44,0,18,64,0,2,0,0,4,0,6,0,0,20,0,14,0,0,0,0,0,0,0,0,0,0,0,0,0,0,0,0,0,0,0,0,0,0,0,0,0,0,0,0,0,0,0,0,0
2009-04-01,0,10,0,49,40,0,29,26,0,1,0,3,4,0,5,0,0,0,0,15,0,0,0,0,0,0,0,0,0,0,0,0,0,0,0,0,0,0,0,0,0,0,0,0,0,0,0,0,0,0,0,0,0
2009-05-01,0,10,0,48,40,0,23,26,0,1,0,2,4,0,8,0,0,0,0,15,0,0,0,0,0,0,0,0,0,0,0,0,0,0,0,0,0,0,0,0,0,0,0,0,0,0,0,0,0,0,0,0,0
2009-06-01,0,9,0,49,47,0,35,24,0,2,0,3,14,0,0,0,0,20,0,17,0,0,0,0,0,0,0,0,0,0,0,0,0,0,0,0,0,0,0,0,0,0,0,0,0,0,0,0,0,0,0,0,0
2009-07-01,0,9,0,45,42,0,40,23,0,2,0,0,3,0,7,0,0,19,0,15,0,0,0,0,0,0,0,0,0,0,0,0,0,0,0,0,0,0,0,0,0,0,0,0,0,0,0,0,0,0,0,0,0
2009-08-01,0,10,0,49,44,0,52,21,0,1,0,2,4,0,6,0,0,33,0,13,0,0,0,0,0,0,0,0,0,0,0,0,0,0,0,0,0,0,0,0,0,0,0,0,0,0,0,0,0,0,0,0,0
2009-09-01,0,8,0,44,36,0,17,17,0,2,0,0,5,0,8,0,0,22,0,13,0,0,0,0,0,0,2,0,0,0,0,0,0,0,0,0,0,0,0,0,0,0,0,100,0,0,0,0,0,0,0,0,0
2009-10-01,0,9,0,40,37,0,17,18,0,2,0,2,6,0,0,0,0,16,0,12,0,0,0,0,0,0,0,0,0,0,0,0,0,0,0,0,0,0,0,0,0,0,0,0,0,0,0,0,0,0,0,0,0
2009-11-01,0,8,0,42,37,0,23,19,0,2,0,0,24,0,5,0,0,28,0,9,0,0,0,0,0,0,0,0,0,0,0,0,0,0,0,0,0,0,0,0,0,0,0,0,0,0,0,0,0,0,0,0,0
2009-12-01,0,9,0,41,43,0,15,19,0,1,0,0,6,0,0,0,0,0,0,10,0,0,0,0,0,0,0,0,0,0,0,0,0,0,0,0,0,0,0,0,0,0,0,0,0,0,0,0,0,0,0,0,0
2010-01-01,0,9,0,39,40,0,15,20,0,2,0,2,4,0,4,0,0,25,0,12,0,0,0,0,0,0,0,0,0,0,0,0,0,0,0,0,0,0,0,0,0,0,0,0,0,0,0,0,0,0,0,0,0
2010-02-01,0,8,0,39,41,0,14,23,0,2,0,2,4,0,0,0,0,35,0,12,0,0,0,0,0,0,0,0,0,0,0,0,0,0,0,0,0,0,0,0,0,0,0,0,0,0,0,0,0,0,0,0,0
2010-03-01,0,8,0,37,31,0,19,63,0,2,0,2,4,0,5,0,0,35,0,8,0,0,0,0,0,0,0,0,0,0,0,0,0,0,0,0,8,0,0,0,0,0,0,0,0,0,0,0,0,0,0,0,0
2010-04-01,0,7,0,36,33,0,41,27,0,2,0,0,3,0,5,0,0,40,0,11,0,0,0,0,0,0,0,0,0,0,0,0,0,0,0,0,0,0,0,0,0,0,0,0,0,0,0,0,0,0,0,0,0
2010-05-01,0,7,0,34,33,0,18,23,0,2,0,2,5,0,0,0,0,30,0,8,0,0,0,0,0,0,0,0,0,0,0,0,0,0,0,0,0,0,0,0,0,0,0,0,0,0,0,0,0,0,0,0,0
2010-06-01,0,7,0,30,37,0,23,25,0,2,0,2,16,0,5,0,0,22,0,10,0,0,0,0,0,0,0,0,0,0,0,0,0,0,0,0,0,0,0,0,0,0,0,0,0,0,0,0,0,0,0,0,0
2010-07-01,0,6,0,29,31,0,31,22,0,1,0,0,3,0,4,0,0,23,0,6,0,0,0,0,0,0,0,0,0,0,0,0,0,0,0,0,0,0,0,0,0,0,0,0,0,0,0,0,0,0,0,4,0
2010-08-01,0,6,0,29,32,0,39,19,0,2,0,0,4,0,0,0,0,28,0,8,0,0,0,0,0,0,0,0,0,0,0,0,0,0,0,0,0,0,0,0,0,0,0,0,0,0,0,0,0,0,0,0,0
2010-09-01,0,5,0,26,26,0,18,15,0,1,0,0,5,0,0,0,0,29,0,7,0,0,0,0,0,0,0,0,0,0,0,0,0,0,0,0,0,0,0,0,0,0,0,0,0,0,0,0,0,0,0,0,0
2010-10-01,0,6,0,25,32,0,19,14,0,2,0,2,7,0,0,0,0,14,0,7,0,0,0,0,0,0,0,0,0,0,0,0,0,0,0,0,0,0,0,0,0,0,0,0,0,0,0,0,0,0,0,0,0
2010-11-01,0,6,0,24,28,0,16,16,0,2,0,2,32,0,3,0,0,25,0,8,0,0,0,0,0,0,0,0,0,0,0,0,0,0,0,0,0,0,0,0,0,0,0,0,0,0,0,0,0,0,0,0,0
2010-12-01,0,6,0,23,31,0,16,16,0,1,0,1,6,0,0,0,0,19,0,6,0,0,0,0,0,0,0,0,0,0,0,0,0,0,0,0,0,0,0,0,0,0,0,0,0,0,0,0,0,0,0,0,0
2011-01-01,0,6,0,22,32,0,15,20,0,1,0,2,4,0,0,0,0,18,0,6,0,0,0,0,0,0,0,0,0,0,0,0,0,0,0,0,0,0,0,0,0,0,0,0,0,0,0,0,0,0,0,0,0
2011-02-01,0,6,0,20,29,0,14,22,0,2,0,0,4,0,3,0,0,26,0,6,0,0,0,0,0,0,0,1,0,0,0,0,0,0,0,0,0,0,0,0,0,0,0,0,0,0,0,0,0,0,0,0,0
2011-03-01,0,5,0,21,28,0,19,60,0,2,0,0,4,0,0,0,0,35,0,6,0,0,0,0,0,0,0,0,0,0,0,0,0,0,0,0,0,0,0,0,0,0,0,0,0,0,0,0,0,0,0,0,0
2011-04-01,0,5,0,20,27,0,39,21,0,1,0,2,16,0,0,0,0,42,0,7,0,0,0,0,0,0,0,0,0,0,0,0,0,0,0,0,0,0,0,0,0,0,0,0,0,0,0,0,0,0,0,0,0
2011-05-01,0,5,0,19,23,0,26,22,0,2,0,2,11,0,3,0,0,29,0,6,0,0,0,0,0,0,0,0,0,0,0,0,0,0,0,0,0,0,0,0,0,0,0,0,0,0,0,0,0,0,0,0,0
2011-06-01,0,5,0,19,27,0,29,23,0,1,0,0,100,0,0,0,0,20,0,5,0,0,0,0,0,0,0,0,0,0,0,0,0,0,0,0,0,0,0,0,0,0,0,0,0,0,0,0,0,0,0,0,0
2011-07-01,0,5,0,16,28,0,37,20,0,1,0,0,14,0,0,0,0,16,0,5,0,0,0,0,0,0,0,0,0,0,0,0,0,0,0,0,0,0,0,0,0,0,0,0,0,0,0,0,0,0,0,0,0
2011-08-01,1,5,16,18,33,0,37,17,0,1,0,2,11,0,0,0,0,12,0,6,0,0,0,0,0,0,0,0,0,0,0,0,0,0,0,0,0,0,0,0,0,0,0,0,0,0,0,0,0,0,0,0,0
2011-09-01,1,5,9,16,25,0,19,14,0,1,0,2,17,0,3,0,0,22,0,4,0,0,0,0,0,0,0,0,0,0,0,0,0,0,0,0,0,0,0,0,0,0,0,0,0,0,0,0,0,0,0,0,0
2011-10-01,1,5,10,15,23,0,16,14,0,2,0,0,9,0,3,0,0,33,0,5,0,0,0,0,0,0,0,0,0,0,0,0,0,0,3,0,0,0,0,0,0,0,0,0,0,0,0,0,0,0,0,0,0
2011-11-01,1,5,11,15,24,0,14,16,0,1,0,1,58,0,3,0,0,21,0,5,0,0,0,0,0,0,0,0,0,0,0,0,0,0,5,46,0,0,0,0,0,0,0,0,0,0,0,0,0,0,0,0,0
2011-12-01,2,5,23,14,26,0,18,15,0,1,0,0,9,0,0,0,0,17,0,4,0,0,0,3,0,0,0,0,0,0,0,0,0,0,10,0,0,0,0,0,0,0,0,0,0,0,0,0,0,3,0,0,0
2012-01-01,2,5,20,13,24,0,13,17,0,1,0,1,5,0,0,0,0,26,0,3,0,0,0,2,0,0,0,0,0,0,0,0,0,0,5,0,0,0,0,0,0,0,0,0,0,0,7,0,0,4,0,0,0
2012-02-01,2,5,23,13,24,0,14,22,0,2,0,2,6,0,0,0,0,39,0,5,0,0,0,3,0,0,0,0,0,0,0,0,0,0,11,0,0,0,0,0,0,0,0,0,0,0,7,0,0,4,0,0,0
2012-03-01,3,5,26,13,27,0,16,74,0,1,0,2,5,0,0,0,0,39,0,5,0,0,0,3,0,0,0,0,0,1,0,0,0,0,13,0,0,0,0,0,0,0,0,0,0,0,7,0,0,5,0,2,0
2012-04-01,3,4,24,11,26,0,33,20,0,1,0,2,14,0,0,0,0,43,0,3,0,0,0,5,0,0,1,0,0,0,0,0,0,0,11,0,0,0,0,0,0,0,0,0,0,0,9,0,0,4,0,0,0
2012-05-01,2,4,21,12,19,0,28,24,0,1,0,2,10,0,0,0,0,46,0,3,0,0,0,3,0,0,0,0,0,1,0,0,0,0,10,0,0,0,0,0,0,0,0,0,0,0,6,0,0,4,0,0,0
2012-06-01,3,4,23,11,24,0,33,24,0,1,0,1,74,0,0,0,0,26,0,2,0,0,0,3,0,0,0,0,0,0,0,0,0,0,9,0,0,0,0,0,0,0,0,0,0,0,0,0,0,5,0,0,2
2012-07-01,3,4,25,10,23,0,38,22,0,1,0,1,8,0,3,0,0,21,0,3,0,0,0,3,0,0,0,0,0,0,0,0,0,0,10,0,0,0,0,0,0,0,0,0,0,0,5,0,0,4,0,0,0
2012-08-01,14,6,100,11,34,0,46,17,0,1,0,1,7,0,4,0,0,21,0,3,0,0,0,16,0,0,0,0,2,1,0,0,0,0,10,0,0,0,0,0,0,0,0,0,0,0,23,0,0,39,0,0,2
2012-09-01,8,4,57,10,23,0,18,17,0,1,0,2,21,0,3,0,0,20,0,2,0,0,0,10,0,0,0,1,1,0,0,0,0,0,6,0,0,0,0,0,0,0,0,0,0,0,13,0,0,37,12,0,0
2012-10-01,5,4,32,10,20,0,19,16,0,1,0,0,13,0,4,0,0,37,0,3,0,0,0,8,0,0,0,0,1,0,0,0,0,0,3,0,0,0,0,0,0,0,0,0,0,0,9,0,0,19,6,0,0
2012-11-01,6,3,34,9,18,0,14,16,0,1,0,1,50,0,3,0,0,28,0,3,0,0,0,5,0,0,0,0,1,0,0,0,0,0,3,0,0,0,0,0,0,0,0,0,0,0,6,0,0,20,7,0,0
2012-12-01,6,4,29,9,19,0,12,16,2,1,0,0,6,0,0,0,0,26,0,3,0,0,100,7,0,0,0,0,1,0,0,0,0,0,4,0,0,0,0,0,0,0,0,0,0,0,0,0,0,21,9,2,2
2013-01-01,6,3,23,36,20,0,15,17,36,1,0,2,5,0,2,0,0,28,0,13,0,0,0,10,0,0,0,0,1,0,0,0,0,0,6,0,0,0,0,0,0,20,0,0,0,0,9,0,0,17,8,2,2
2013-02-01,6,3,22,17,27,0,14,23,2,2,0,1,5,0,3,0,0,42,0,6,0,0,0,7,0,0,0,0,1,0,0,0,0,0,4,0,0,0,0,0,0,0,0,0,6,0,7,0,0,22,7,4,2
2013-03-01,6,3,19,14,19,0,23,57,2,2,0,1,7,0,3,0,0,32,0,5,0,0,0,8,0,0,0,0,1,0,0,1,0,0,3,0,0,0,0,0,0,0,0,0,0,0,10,0,0,19,3,2,0
2013-04-01,6,2,17,13,16,0,35,23,1,2,0,2,17,0,0,0,0,37,0,4,0,0,0,7,0,0,0,0,1,0,0,0,0,0,4,0,0,0,0,0,0,0,0,0,0,0,7,0,0,15,3,2,0
2013-05-01,6,2,19,12,15,0,99,25,0,2,0,2,9,0,4,0,0,34,0,3,0,0,0,10,0,0,0,0,1,0,0,0,0,0,4,0,0,0,0,0,0,0,0,0,0,0,7,0,0,16,5,2,4
2013-06-01,6,2,16,11,15,0,33,21,0,2,0,2,55,0,3,0,0,20,4,2,0,0,0,9,2,0,1,0,1,1,0,0,0,0,4,0,0,0,0,0,5,0,0,0,0,0,5,0,0,15,13,2,4
2013-07-01,8,2,19,11,17,0,56,20,1,1,0,1,15,0,0,0,0,26,0,3,0,0,0,8,2,0,0,0,1,1,0,0,0,0,4,0,0,0,0,0,0,0,100,0,0,0,7,0,0,18,6,4,4
2013-08-01,9,2,19,11,19,0,62,18,1,1,0,1,6,0,2,0,0,20,29,2,0,0,0,15,0,0,1,0,6,5,5,0,3,0,13,0,5,0,0,0,4,0,0,0,0,0,18,0,0,20,5,5,4
2013-09-01,9,2,16,11,16,0,18,15,1,1,0,1,16,0,0,0,0,25,20,3,0,0,0,7,1,0,1,0,6,8,7,3,3,0,11,0,3,0,0,0,4,0,0,0,0,0,11,0,0,22,7,2,5
2013-10-01,8,2,14,10,13,0,16,13,1,2,0,1,7,0,2,13,0,34,14,3,18,0,0,7,0,0,0,0,6,7,6,3,2,0,8,0,4,0,0,0,0,0,0,0,4,0,9,0,0,15,3,3,5
2013-11-01,10,2,15,10,14,0,15,15,1,2,0,0,50,0,2,0,0,28,14,3,0,0,0,10,0,0,0,0,7,7,7,3,4,0,11,0,4,0,0,0,0,0,0,0,0,0,14,0,0,14,6,4,5
2013-12-01,16,2,23,10,17,0,15,14,3,1,0,1,17,0,0,20,0,29,31,2,0,0,0,9,0,0,1,0,12,13,13,7,6,0,17,0,9,0,0,0,9,0,0,0,7,0,10,0,0,24,7,7,4
2014-01-01,18,2,21,9,16,0,15,17,3,1,0,0,7,0,3,11,0,29,27,3,0,0,0,11,1,0,0,0,15,18,16,10,6,0,21,0,10,0,0,0,17,0,0,0,8,19,16,14,0,27,11,10,9
2014-02-01,18,1,19,9,15,1,14,20,5,3,0,2,9,0,2,0,0,38,32,3,0,0,0,30,0,0,0,0,13,17,18,10,8,0,20,0,13,0,25,0,12,18,0,0,7,12,23,0,0,25,8,9,7
2014-03-01,23,2,22,9,18,1,17,54,59,4,0,1,8,0,3,24,0,49,36,2,0,0,0,16,0,0,0,0,16,22,22,13,9,0,26,0,13,51,28,0,13,17,0,0,11,20,15,14,0,29,17,11,13
2014-04-01,25,1,20,9,15,0,25,19,2,4,0,2,22,0,5,0,0,39,43,3,0,0,0,15,0,0,0,0,20,26,28,16,13,0,32,30,18,0,22,0,15,18,0,0,11,21,15,13,0,30,20,13,14
2014-05-01,27,2,20,8,15,0,29,23,1,9,0,2,11,0,3,22,0,31,43,3,0,0,0,16,0,0,0,0,22,28,33,12,21,0,31,32,15,0,37,0,20,23,0,0,11,18,20,19,0,32,20,14,16
2014-06-01,26,1,21,8,16,0,22,21,1,19,0,2,60,0,3,24,0,27,29,2,0,0,0,16,0,0,0,0,22,25,28,12,12,0,30,0,17,0,29,0,24,23,0,0,15,22,20,24,0,32,19,16,13
2014-07-01,35,2,23,7,17,0,45,19,1,8,0,6,14,0,3,13,0,21,75,2,21,0,0,44,1,0,0,0,30,35,37,20,22,0,41,50,25,0,28,0,28,24,0,0,17,35,34,0,0,43,22,21,17
2014-08-01,48,1,26,7,20,1,54,16,1,32,0,3,7,0,5,44,0,23,80,3,0,0,0,30,0,0,1,0,42,47,45,29,25,0,57,42,35,0,42,0,31,30,0,0,27,43,36,21,0,53,37,25,27
2014-09-01,43,1,21,8,17,1,16,13,1,11,0,1,23,0,7,24,0,29,53,3,0,0,0,24,0,0,0,0,34,46,44,24,27,0,47,50,34,0,35,0,33,39,0,0,25,36,30,23,0,43,29,22,20
2014-10-01,42,1,21,8,17,0,17,13,1,16,0,0,12,0,3,53,0,33,44,2,27,0,0,30,0,0,0,0,30,45,40,21,27,0,52,0,31,0,51,0,45,37,0,0,25,39,44,24,0,44,31,19,23
2014-11-01,46,1,23,7,18,1,14,13,1,4,0,1,85,0,2,46,0,29,49,2,19,0,0,27,0,0,0,0,32,42,44,23,28,0,51,0,32,0,41,0,83,91,0,0,41,41,46,27,0,45,35,21,22
2014-12-01,53,1,28,7,22,1,16,13,2,3,0,1,16,0,11,47,0,35,55,3,0,0,0,43,0,0,0,0,44,58,56,33,35,0,73,57,45,55,43,0,62,70,0,0,40,46,35,37,0,56,66,29,27
2015-01-01,74,1,30,7,24,2,24,16,3,4,0,1,9,0,8,22,0,30,74,2,0,0,0,42,0,0,1,0,63,80,85,53,76,0,95,68,60,98,58,0,68,77,0,0,51,78,51,42,8,67,65,41,32
2015-02-01,74,1,26,7,21,2,16,20,8,14,0,1,9,0,8,18,0,45,76,2,47,0,0,39,0,0,0,0,59,80,73,46,54,0,98,76,56,100,55,3,74,73,0,0,65,77,56,32,11,72,69,38,41
2015-03-01,80,1,27,6,26,2,20,56,100,52,0,1,10,0,10,72,0,50,75,2,0,0,0,28,0,0,1,0,64,75,79,48,52,0,97,71,64,74,57,0,76,75,0,0,63,73,52,46,10,85,73,39,44
2015-04-01,93,1,26,6,26,1,32,20,2,13,0,1,15,0,9,85,0,44,71,2,0,0,0,84,0,0,1,0,81,94,97,52,69,0,98,86,66,69,62,0,100,86,0,0,72,71,75,30,10,87,93,44,42
2015-05-01,97,1,25,6,24,1,37,22,1,7,0,2,24,0,80,41,0,37,62,2,34,0,0,48,0,0,1,0,86,87,100,60,66,0,98,71,74,53,60,0,100,94,0,0,79,83,74,50,19,99,84,50,47
2015-06-01,94,1,26,6,24,2,32,19,1,26,0,4,45,0,100,65,56,27,58,1,21,0,0,42,0,0,0,0,81,86,98,58,49,0,99,62,76,91,52,3,92,72,0,0,70,83,58,54,13,88,78,49,41
2015-07-01,91,1,23,5,24,2,41,18,1,16,0,5,20,0,88,99,0,29,71,2,59,0,0,39,0,0,0,0,89,100,86,60,41,0,100,100,71,75,61,6,88,100,0,0,77,80,57,57,19,100,85,48,43
2015-08-01,100,1,24,6,24,5,54,18,1,100,0,2,9,0,20,100,0,30,81,3,69,0,0,36,0,0,1,0,90,93,89,60,43,0,94,58,72,0,83,3,89,79,0,0,100,100,58,100,29,93,100,49,49
2015-09-01,96,1,23,6,23,4,17,14,1,18,0,1,29,0,60,35,0,41,72,2,46,0,0,84,0,0,0,0,100,94,100,74,100,0,96,74,76,97,62,7,89,55,0,0,82,72,91,64,18,92,81,46,42
2015-10-01,93,1,22,6,23,9,27,13,1,17,0,1,63,1,65,55,0,39,95,2,17,0,0,46,0,0,0,0,90,92,87,68,51,0,87,62,61,98,100,5,82,51,0,0,92,76,67,77,25,93,82,44,46
2015-11-01,87,1,22,6,22,7,15,14,2,6,0,1,62,0,57,94,0,45,100,3,0,0,0,31,0,0,0,1,79,79,70,60,37,0,81,66,63,75,97,4,74,45,0,0,95,71,75,66,26,87,77,47,41
2015-12-01,91,1,27,6,34,4,17,13,2,8,0,2,13,0,69,67,0,30,63,3,0,0,0,97,0,0,0,0,87,77,73,67,65,0,85,48,64,48,74,3,76,52,0,0,99,46,100,74,24,96,78,46,39
2016-01-01,81,1,19,6,24,6,17,16,5,7,0,1,28,1,15,42,0,40,85,1,26,0,0,37,0,0,1,0,67,64,51,57,30,0,66,54,48,52,60,0,85,41,0,0,85,52,58,62,23,81,61,39,27
2016-02-01,78,1,19,7,23,9,16,21,13,9,0,1,9,0,35,24,0,55,96,2,100,0,0,43,0,0,0,100,73,72,54,81,34,0,63,52,50,68,64,0,78,44,0,0,77,57,62,60,23,90,60,41,27
2016-03-01,73,1,16,6,19,25,21,70,84,9,0,1,10,0,31,41,60,69,87,2,40,0,0,27,0,0,1,22,61,67,44,100,28,0,48,60,51,55,67,0,65,32,0,0,77,79,43,63,19,81,63,38,32
2016-04-01,75,1,15,6,21,20,40,20,2,33,0,2,39,0,26,79,0,53,94,2,29,0,0,25,0,0,0,12,74,75,41,89,31,0,52,42,52,68,70,6,77,36,0,0,89,69,56,79,21,79,81,39,55
2016-05-01,69,1,15,5,19,5,32,23,1,8,0,3,36,0,17,54,76,41,84,2,17,0,0,20,3,0,1,9,64,75,34,77,29,0,46,49,49,0,55,4,80,48,0,0,73,57,38,63,16,65,62,38,38
2016-06-01,71,1,16,5,20,7,41,22,1,32,0,2,23,0,10,55,0,41,72,1,46,0,0,31,0,0,1,11,62,73,38,86,34,0,45,47,37,66,47,0,96,39,0,0,64,55,50,56,14,64,53,31,22
2016-07-01,59,1,15,5,23,12,58,19,1,43,0,6,11,0,8,62,0,29,60,1,0,0,0,22,0,0,1,7,50,51,29,68,19,0,38,41,42,0,42,9,72,40,0,0,74,59,62,36,16,63,55,35,19
2016-08-01,50,1,12,5,17,4,23,15,1,5,0,2,7,0,14,17,0,29,40,1,0,0,0,23,0,0,0,4,33,45,21,40,18,0,27,0,32,0,28,3,60,28,89,0,62,30,43,48,16,47,49,31,18
2016-09-01,48,1,11,5,16,4,20,12,1,10,0,2,10,0,13,22,0,24,52,2,17,0,0,19,0,0,0,2,34,45,19,35,18,0,27,0,25,0,28,3,54,44,0,0,50,41,38,46,14,51,47,27,16
2016-10-01,53,1,12,5,16,5,25,12,1,17,0,1,6,1,11,65,0,35,62,1,0,0,0,21,0,0,0,2,36,52,18,36,20,0,22,37,25,0,27,100,56,24,0,0,53,33,37,46,17,49,46,29,100
2016-11-01,49,1,11,5,14,4,19,13,1,6,0,1,19,0,6,27,0,36,57,1,0,0,0,20,0,0,0,2,36,56,18,29,25,0,26,0,27,48,25,14,56,42,0,0,57,29,39,48,10,42,38,29,18
2016-12-01,55,1,13,5,15,12,16,13,2,5,0,1,6,0,6,60,0,36,56,2,73,0,0,25,0,0,0,2,39,62,18,33,23,0,29,28,28,0,28,16,52,34,0,0,69,37,34,41,10,45,41,30,14
2017-01-01,65,1,13,5,24,80,20,15,4,15,0,1,11,0,12,72,70,42,83,1,25,0,78,18,0,0,0,2,43,76,20,36,21,0,27,45,32,49,36,20,65,45,0,0,81,49,58,54,14,53,58,33,17
2017-02-01,59,1,11,5,18,11,16,20,39,5,0,2,35,0,15,18,0,46,89,2,24,0,0,19,0,0,0,2,45,82,19,37,24,0,32,29,34,0,33,20,63,50,0,0,66,40,52,50,8,58,60,61,34
2017-03-01,59,1,11,5,16,9,22,62,37,5,2,1,7,2,17,59,0,56,69,1,32,0,0,25,0,0,0,2,48,96,19,42,35,0,31,47,35,0,30,17,53,43,0,0,68,42,43,46,11,55,56,35,22
2017-04-01,55,1,10,5,14,9,38,17,1,5,3,1,18,0,12,43,93,53,75,1,19,0,0,17,0,0,0,1,42,82,16,36,27,0,30,59,28,0,33,12,62,25,0,0,63,38,39,44,13,50,58,30,22
2017-05-01,44,1,8,4,13,7,34,22,1,5,3,2,14,0,9,24,0,37,63,1,18,0,0,14,0,0,100,1,35,61,13,29,27,0,24,0,21,0,22,11,40,31,0,0,51,39,28,45,8,46,40,22,17
2017-06-01,38,1,8,4,11,12,27,23,1,6,8,2,18,0,8,56,0,33,61,1,36,0,0,11,0,0,35,2,26,53,12,21,18,0,20,0,22,0,18,6,44,34,0,0,42,32,25,26,6,35,34,20,16
2017-07-01,45,1,8,4,13,57,41,17,1,28,79,6,23,0,13,43,0,42,81,1,29,0,0,12,0,0,19,1,38,63,15,26,19,0,23,28,25,0,29,10,57,27,61,0,58,46,28,38,11,40,49,26,25
2017-08-01,41,1,8,4,11,5,43,14,1,7,1,8,11,0,10,13,0,35,46,1,31,0,0,12,0,0,21,1,35,59,13,21,17,0,21,38,20,0,23,11,45,27,0,0,47,27,32,32,6,32,42,25,16
2017-09-01,34,1,7,4,10,5,21,13,1,14,1,2,18,0,8,15,0,31,47,1,22,0,0,13,0,0,24,1,35,50,12,23,21,0,18,26,20,0,17,10,30,30,0,0,43,31,29,37,0,33,42,21,16
2017-10-01,36,1,7,5,11,5,18,13,1,14,1,1,11,0,9,27,0,34,44,1,22,0,0,15,0,0,12,1,31,44,12,20,16,0,18,0,20,0,17,6,34,28,0,0,46,37,28,25,6,33,39,97,17
2017-11-01,34,1,7,5,12,6,15,14,1,4,1,2,9,0,9,34,0,39,55,1,0,0,0,15,0,0,9,0,33,37,12,22,14,0,16,35,18,0,15,7,34,27,0,0,45,41,28,22,7,34,42,25,13
2017-12-01,37,1,8,4,11,8,14,13,1,7,1,1,13,0,5,37,0,37,46,1,0,0,0,10,0,0,4,1,35,38,13,18,13,0,18,0,18,0,16,8,32,25,0,0,45,34,23,36,8,34,47,23,15
2018-01-01,43,1,8,4,11,96,20,16,5,29,4,1,10,0,8,56,0,39,68,1,16,0,0,9,0,0,3,0,43,43,15,20,16,100,19,0,22,0,24,8,37,30,0,0,59,34,23,42,0,36,57,23,21
2018-02-01,39,1,7,4,10,9,19,22,19,30,1,1,5,1,9,25,0,56,53,1,0,0,0,9,0,0,2,0,45,40,16,18,21,0,17,0,20,0,20,8,33,16,0,0,51,30,25,23,0,35,55,23,17
2018-03-01,33,1,7,4,10,6,27,69,18,6,11,1,5,1,9,22,0,43,43,1,0,0,0,7,0,0,3,0,33,30,13,13,11,0,13,0,17,0,15,6,26,18,0,0,47,24,27,22,7,31,41,17,17
2018-04-01,23,1,5,4,10,4,32,19,1,8,0,1,15,3,6,12,0,37,30,1,0,0,0,5,0,0,2,0,21,21,9,10,6,0,10,0,11,0,10,4,25,20,0,0,30,23,24,31,0,24,31,13,10
2018-05-01,21,0,5,4,10,4,38,23,1,21,0,2,14,2,7,26,0,40,32,1,0,0,0,4,0,0,2,0,15,13,6,8,5,0,8,0,10,0,8,5,27,14,0,0,27,18,20,29,0,20,27,10,11
2018-06-01,21,1,5,4,9,5,26,23,1,12,1,2,19,3,4,20,67,28,33,0,0,0,0,6,0,0,2,0,13,12,5,9,4,0,7,0,9,0,8,5,19,0,0,0,30,15,25,21,7,21,35,13,10
2018-07-01,22,1,5,3,9,9,43,19,1,24,0,3,8,6,5,16,0,27,31,1,0,0,0,8,0,0,2,0,13,12,7,8,4,0,8,0,11,0,10,5,21,17,0,0,32,18,24,13,0,21,29,14,11
2018-08-01,21,1,4,3,8,8,70,16,1,3,0,5,8,5,4,12,0,31,25,1,0,0,0,8,0,0,2,0,15,14,8,18,8,0,7,0,9,0,10,4,16,12,0,0,32,23,18,12,0,20,28,13,9
2018-09-01,21,1,5,3,8,57,100,13,1,13,1,1,11,100,6,25,0,54,40,1,14,0,0,6,0,0,2,0,13,11,7,10,5,0,8,0,12,0,10,4,12,0,0,0,33,31,24,30,0,21,28,12,16
2018-10-01,19,0,4,4,7,4,22,12,2,18,0,1,5,2,8,0,0,42,23,1,0,0,0,6,0,0,2,0,10,9,6,10,4,0,5,0,7,0,7,4,13,14,0,0,28,16,17,13,0,20,26,10,10
2018-11-01,19,1,4,4,7,5,15,14,2,4,0,1,11,1,5,36,0,43,30,1,15,0,0,5,0,0,2,0,9,8,6,10,4,0,7,0,9,0,6,3,12,0,0,0,27,15,13,14,0,20,26,10,9
2018-12-01,28,1,7,3,11,5,17,13,2,4,0,1,9,1,4,22,0,39,28,1,0,12,0,9,0,0,2,0,14,11,8,12,7,0,8,0,9,0,8,7,22,0,0,0,27,17,29,17,0,25,33,12,12
2019-01-01,24,1,4,3,8,10,19,15,8,4,0,1,5,1,5,0,0,41,25,1,0,0,0,5,0,0,2,2,14,11,8,11,6,0,7,0,11,0,9,6,21,14,0,0,32,11,23,12,0,24,35,13,12
2019-02-01,24,1,5,3,7,47,21,21,66,17,0,1,9,1,6,12,0,58,43,1,0,0,0,3,0,0,2,1,12,10,8,11,5,0,5,0,12,0,10,6,13,16,0,0,31,28,18,23,0,21,28,12,11
2019-03-01,23,1,4,3,8,20,35,74,28,5,0,1,5,1,4,40,0,50,35,1,0,0,0,8,0,0,2,0,13,12,7,13,8,0,5,0,10,0,11,7,16,0,0,0,29,25,19,21,0,22,33,11,14
2019-04-01,19,0,4,3,8,5,60,20,1,14,0,2,6,0,5,9,0,45,26,1,14,0,0,3,0,0,2,0,10,9,7,12,4,0,6,0,8,0,8,5,11,0,0,0,18,19,16,13,6,23,25,8,10
2019-05-01,17,0,4,3,7,5,65,23,1,19,0,2,10,0,5,12,0,45,30,1,0,0,0,5,0,0,2,0,9,7,6,10,4,0,4,0,8,0,8,3,12,0,0,0,22,20,15,20,0,16,19,10,10
2019-06-01,18,0,4,2,7,6,42,21,1,15,0,1,14,0,4,43,0,40,30,1,0,0,83,52,1,0,1,1,12,9,6,10,4,0,5,0,7,0,6,6,12,0,0,0,25,23,18,17,0,20,25,69,9
2019-07-01,18,0,4,2,6,13,37,17,1,27,0,10,8,0,2,17,0,35,28,0,0,0,0,56,0,0,1,2,14,8,7,9,4,0,6,0,10,0,7,3,14,0,0,0,24,25,19,23,0,19,22,78,10
2019-08-01,19,0,3,2,7,51,31,15,1,3,0,7,4,1,3,0,0,40,30,1,0,0,0,38,0,0,2,1,13,9,6,11,4,0,4,0,10,0,10,5,8,0,0,0,28,21,16,12,0,19,24,49,11
2019-09-01,19,0,4,3,7,44,21,12,1,20,0,3,11,0,3,19,75,49,28,0,0,0,0,41,0,0,1,1,12,9,8,9,5,0,4,0,8,0,10,5,9,0,0,0,25,27,26,17,0,20,26,49,10
2019-10-01,17,0,3,3,7,5,22,12,1,22,0,1,17,0,4,0,0,51,33,1,0,0,0,21,0,0,2,1,11,8,9,13,7,0,5,0,9,0,11,5,10,0,0,0,25,21,20,11,0,21,29,26,10
2019-11-01,16,0,4,3,8,6,14,13,1,3,0,1,14,0,4,18,0,53,23,1,0,0,0,17,0,0,3,1,12,10,9,18,5,0,5,0,11,0,8,5,9,14,0,0,27,18,24,9,0,16,33,18,10
2019-12-01,19,0,4,3,6,6,14,13,2,4,0,3,8,0,3,40,0,44,26,1,0,0,0,12,0,0,1,0,12,10,9,14,5,0,5,0,13,0,7,5,11,0,0,0,25,14,13,10,0,19,27,20,9
2020-01-01,20,0,3,3,7,6,21,17,6,3,0,11,8,0,7,0,0,44,27,1,0,0,0,9,0,0,2,1,13,11,11,13,7,0,5,0,14,0,11,5,12,0,0,0,27,13,14,11,0,20,39,16,14
2020-02-01,23,0,4,3,7,8,18,18,30,24,0,68,14,0,7,13,0,56,30,0,12,0,0,20,0,0,2,1,14,13,12,16,7,0,6,0,12,0,13,6,12,11,0,0,29,21,15,16,0,20,37,27,12
2020-03-01,28,1,6,2,10,7,19,27,8,9,0,4,3,0,10,11,0,50,45,0,11,0,0,22,0,0,2,1,17,14,15,15,7,0,7,0,17,0,12,7,21,17,0,0,34,27,22,16,5,29,47,29,15
2020-04-01,39,1,7,3,15,8,23,9,1,31,0,3,3,0,7,8,0,72,54,1,0,0,0,35,0,0,3,1,25,19,18,21,11,0,10,38,25,0,18,10,28,22,0,0,54,36,30,22,0,46,66,45,25
2020-05-01,32,1,5,2,12,6,16,8,1,25,0,7,9,0,8,7,0,56,55,1,0,0,0,34,0,0,2,1,20,16,15,21,9,0,9,32,18,0,19,7,20,19,0,0,42,35,26,20,0,31,55,50,23
2020-06-01,23,0,4,2,9,7,16,11,1,11,0,91,8,0,10,18,0,51,54,0,0,0,0,33,0,0,2,1,16,11,11,20,6,0,6,0,17,0,13,7,14,17,0,0,33,28,19,14,0,24,36,47,16
2020-07-01,20,0,4,2,8,5,23,15,1,3,0,7,32,0,5,7,0,39,32,1,0,0,0,30,0,0,1,0,14,10,10,15,5,0,5,0,12,0,12,4,8,10,0,0,30,21,13,13,0,20,31,39,12
2020-08-01,18,0,3,2,7,5,59,11,1,24,0,4,23,0,4,0,0,37,35,0,0,0,0,23,0,0,2,1,13,9,11,17,7,0,4,19,11,0,11,2,12,0,0,0,21,17,16,10,0,19,22,30,11
2020-09-01,17,0,3,2,6,5,35,10,1,8,0,5,27,0,8,7,0,65,36,0,0,0,0,19,0,0,1,1,10,8,8,12,4,0,3,0,9,0,9,3,9,14,0,0,22,14,16,0,0,16,22,26,9
2020-10-01,17,0,3,3,5,4,24,9,1,26,0,28,27,0,6,11,0,61,34,1,0,0,0,12,0,0,1,0,10,8,8,11,4,0,4,0,8,0,9,4,9,0,0,0,21,13,12,11,0,14,23,18,9
2020-11-01,19,0,3,3,7,4,23,9,0,4,0,46,29,0,4,0,0,52,38,0,0,0,0,7,0,0,2,0,10,8,10,11,4,0,4,0,9,0,10,3,11,0,0,0,25,16,17,0,0,17,28,14,11
2020-12-01,22,1,4,2,7,4,17,8,1,2,0,51,42,0,2,10,0,38,37,1,0,0,0,9,0,100,2,1,13,9,11,12,6,0,4,0,13,0,11,5,12,0,0,0,29,17,14,10,0,22,31,15,11
2021-01-01,21,1,4,2,7,5,17,11,1,2,1,80,57,0,5,16,0,44,30,1,0,0,0,8,0,28,2,0,11,10,11,14,6,0,5,0,15,0,12,11,12,0,0,0,28,19,15,11,0,22,35,17,10
2021-02-01,22,0,5,2,7,5,23,12,26,2,0,60,4,0,5,0,0,56,34,0,0,0,0,5,0,26,2,0,13,10,12,15,5,0,4,0,14,0,15,10,12,0,0,0,27,14,17,11,0,22,36,14,11
2021-03-01,21,0,4,2,7,3,36,48,2,2,0,8,3,0,5,0,0,53,29,1,0,0,0,6,0,46,2,0,13,10,12,14,5,0,4,0,13,0,15,8,9,0,0,0,25,8,12,15,0,18,34,14,12
2021-04-01,20,0,4,2,8,5,29,16,1,2,0,51,18,0,4,0,0,56,34,0,0,0,0,10,0,33,1,0,12,9,13,9,5,0,4,0,14,0,19,6,11,13,0,0,22,14,15,12,0,21,33,18,12
2021-05-01,18,0,3,2,6,5,86,20,1,2,0,12,16,0,5,0,0,48,33,1,0,0,0,10,0,14,1,0,11,9,12,11,7,0,3,0,9,0,14,3,12,0,0,0,19,8,16,0,0,19,29,16,10
2021-06-01,13,0,3,2,7,3,35,18,0,20,0,43,3,0,4,0,0,45,24,0,0,0,0,11,0,4,1,0,8,7,10,7,4,0,3,0,8,0,11,2,5,0,0,0,14,7,13,10,0,12,17,13,7
2021-07-01,13,0,3,2,6,4,54,15,1,2,1,4,5,0,3,0,0,47,22,0,0,0,0,8,0,3,1,1,8,6,8,6,3,0,2,0,6,0,9,2,7,0,0,0,15,8,14,0,0,13,19,13,7
2021-08-01,12,0,3,2,6,3,36,11,0,15,1,5,10,0,3,0,0,41,17,1,0,0,0,13,0,2,1,0,8,7,9,7,3,0,2,0,7,0,8,3,5,0,0,0,15,8,14,0,0,11,20,16,7
2021-09-01,13,0,3,2,5,6,39,10,1,2,2,52,3,0,4,0,0,53,21,1,0,0,0,16,100,6,2,0,8,7,9,9,4,0,3,0,5,0,10,2,5,0,0,0,12,0,17,0,0,11,43,20,8
2021-10-01,13,0,3,2,6,40,31,11,1,1,36,19,5,0,2,0,0,59,28,0,0,0,0,11,30,4,1,0,8,6,10,7,3,0,3,0,7,0,13,7,6,0,0,0,15,15,14,0,0,12,25,18,8
2021-11-01,14,0,3,2,6,38,18,12,1,1,41,96,5,0,4,35,0,50,32,0,0,0,0,8,22,2,1,0,8,6,10,6,3,0,2,0,6,62,14,7,6,0,0,0,17,10,19,9,0,12,23,14,8
2021-12-01,13,1,3,2,6,4,23,12,1,1,1,100,2,0,2,11,0,43,20,1,0,0,0,8,23,2,1,0,8,6,10,5,3,0,2,0,5,0,8,4,7,0,0,0,18,9,16,0,0,12,18,13,6
2022-01-01,19,1,4,2,7,5,23,15,2,1,1,72,2,0,6,0,0,65,25,0,0,0,0,26,72,5,2,1,13,10,15,10,8,0,5,0,12,0,13,9,9,0,0,0,25,12,20,0,0,18,33,33,10
2022-02-01,20,1,4,3,10,9,23,16,51,2,6,86,2,1,7,10,0,82,42,0,0,0,0,37,43,4,2,0,15,11,16,9,7,0,5,0,10,0,16,5,7,0,0,0,29,11,30,10,0,20,29,37,12
2022-03-01,17,1,3,3,8,7,42,57,3,2,8,11,2,2,7,0,0,76,37,0,0,0,0,62,7,2,1,0,14,9,16,10,6,0,3,0,10,0,15,4,7,0,0,0,22,13,23,0,0,18,26,58,9
2022-04-01,16,1,3,2,7,21,46,19,1,2,22,28,3,0,5,5,47,80,29,0,14,0,0,72,6,2,1,0,13,9,15,8,5,0,3,0,12,0,16,3,4,0,0,0,19,13,27,10,0,15,22,70,7
2022-05-01,18,1,3,2,7,91,74,20,1,30,100,20,6,1,6,21,100,71,43,0,13,0,0,66,5,2,2,0,15,7,14,15,9,0,3,0,11,0,20,4,6,0,0,0,20,18,37,12,0,15,26,71,11
2022-06-01,16,1,3,2,7,6,46,20,1,3,2,79,12,0,5,20,0,48,31,0,0,0,0,100,5,2,1,0,16,8,13,16,10,0,3,0,8,0,13,2,6,0,0,0,21,10,28,8,0,17,21,100,10
2022-07-01,17,1,3,2,7,6,54,16,1,12,3,8,4,0,3,11,0,47,29,0,0,0,0,88,4,2,1,0,21,8,15,23,15,0,3,0,8,0,16,4,9,0,0,0,17,9,27,50,0,13,21,95,8
2022-08-01,17,1,3,2,8,6,38,13,1,37,41,79,4,0,5,9,0,43,24,1,15,0,0,76,6,2,2,1,17,10,15,18,12,0,3,0,9,0,22,3,9,0,0,0,16,16,25,30,0,16,21,75,7
2022-09-01,15,0,3,2,6,7,30,12,1,2,1,12,4,0,6,0,0,54,24,0,0,0,0,12,5,2,1,1,12,7,12,11,7,0,3,0,9,0,15,3,8,0,0,0,18,11,19,12,0,13,18,14,7
2022-10-01,14,0,2,2,6,19,30,12,1,2,2,23,6,0,4,6,0,65,27,1,13,0,0,4,5,2,1,0,8,5,13,6,4,0,2,0,7,0,14,2,9,0,0,0,18,7,19,0,5,13,18,7,5
2022-11-01,15,0,2,2,7,48,21,14,1,2,2,69,12,1,5,31,53,69,32,0,0,0,0,5,4,1,1,0,8,6,12,5,4,0,2,0,7,0,13,3,7,0,0,0,21,18,24,0,0,14,21,10,8
2022-12-01,13,0,2,2,6,4,18,13,1,1,1,73,5,0,3,7,0,53,19,0,0,0,0,2,2,1,1,0,8,6,12,6,4,0,2,18,7,0,11,2,5,0,0,0,18,0,11,0,0,13,17,7,6
2023-01-01,14,0,3,2,6,5,22,15,3,1,1,76,2,0,5,0,0,56,21,0,0,0,0,4,4,2,1,0,10,8,15,6,5,0,3,0,8,0,13,0,9,0,0,0,19,7,11,0,0,14,23,7,8
2023-02-01,18,1,3,2,8,9,34,19,39,2,1,15,3,0,4,9,0,81,35,0,15,0,0,5,5,3,2,1,12,10,19,7,11,0,4,27,10,0,20,4,8,0,0,0,25,10,15,9,0,16,33,7,9
2023-03-01,24,2,6,15,29,9,49,56,1,2,1,17,4,0,5,25,0,74,27,9,0,0,0,5,7,5,3,1,17,13,27,12,12,0,6,24,15,0,24,5,15,11,0,0,21,14,28,0,0,22,32,11,10
2023-04-01,24,1,3,8,9,25,48,19,1,8,1,33,9,0,5,13,0,70,28,4,0,0,0,4,10,6,3,1,23,19,31,16,16,0,7,28,20,34,44,5,10,0,0,0,23,12,19,0,0,23,35,12,14
2023-05-01,21,1,3,7,9,100,71,21,1,10,2,41,7,1,4,37,42,74,33,4,0,0,0,4,6,4,3,1,16,14,18,12,12,0,4,28,16,0,41,7,11,0,0,0,30,15,21,7,0,20,34,9,13
2023-06-01,15,1,3,11,9,7,49,20,1,2,1,73,10,0,3,15,0,53,22,12,0,0,0,2,5,4,2,1,13,11,16,7,8,0,4,0,11,0,25,4,11,0,0,0,17,0,18,0,0,15,24,6,7
2023-07-01,15,1,3,11,9,6,49,16,1,2,1,97,3,0,3,0,0,56,21,7,0,0,0,0,3,3,2,1,13,10,16,9,7,0,5,0,9,0,23,3,10,0,0,0,17,11,16,0,0,14,23,5,9
2023-08-01,15,1,3,15,11,5,33,14,1,2,1,8,2,0,7,14,0,51,28,12,0,0,0,2,4,3,2,1,12,10,15,8,7,0,4,0,11,0,21,5,6,0,0,0,22,15,18,0,0,14,26,6,8
2023-09-01,17,1,4,98,18,4,30,12,1,2,1,7,3,0,4,0,0,68,22,67,0,0,0,4,6,3,2,1,14,10,15,7,7,0,5,0,11,0,22,3,11,0,0,41,22,7,17,0,0,16,22,7,14
2023-10-01,10,1,3,94,13,3,28,13,1,2,1,28,4,0,4,12,0,59,20,72,0,0,0,2,6,4,2,2,13,11,16,7,7,0,4,0,10,0,20,3,8,0,0,0,10,6,16,0,0,13,15,5,7
2023-11-01,7,1,2,54,8,2,20,24,1,17,1,51,8,0,3,15,0,59,14,49,10,0,0,1,3,2,2,1,7,7,9,3,4,0,2,0,3,0,9,3,2,0,0,0,7,0,9,0,0,6,8,3,4
2023-12-01,6,1,2,48,9,2,20,18,1,20,1,47,8,0,4,24,0,47,10,40,0,0,0,0,3,1,1,0,5,5,8,3,3,0,1,0,4,0,7,0,4,0,0,0,5,0,11,0,0,6,9,3,3
2024-01-01,6,1,2,47,9,3,25,15,6,13,13,61,3,0,5,12,0,54,10,27,0,0,0,1,2,1,1,1,6,4,8,2,3,0,2,0,3,0,7,0,4,0,0,0,7,6,9,0,0,6,7,2,3
2024-02-01,8,1,2,77,11,6,28,19,47,3,20,12,3,0,4,0,0,82,15,100,0,0,0,1,3,2,1,1,9,6,11,4,5,0,2,0,7,0,25,2,0,0,0,0,9,10,12,0,0,9,9,3,3
2024-03-01,8,1,2,78,11,17,60,60,2,3,87,26,4,1,5,9,0,100,18,35,0,0,0,0,4,1,1,1,10,6,10,3,4,0,2,0,4,0,16,3,2,0,0,0,8,6,11,0,0,8,11,4,3
2024-04-01,6,1,2,67,9,4,58,23,1,25,5,8,7,0,4,0,0,84,12,55,0,0,0,0,4,2,2,1,11,5,8,4,4,0,2,0,5,0,13,2,4,0,0,0,5,0,7,0,0,7,7,3,3
2024-05-01,6,1,2,59,9,2,80,22,1,2,1,7,7,0,5,0,0,60,10,46,0,0,0,0,3,3,2,1,11,4,6,2,3,0,1,0,5,0,8,0,4,0,0,23,4,0,7,0,0,7,8,3,2
2024-06-01,5,1,2,60,11,2,56,21,1,2,1,74,11,0,4,9,0,57,10,78,0,0,0,2,6,2,1,1,10,4,6,2,3,0,1,0,3,0,6,0,0,0,0,34,3,0,6,0,0,7,6,2,2
2024-07-01,5,1,2,56,10,1,65,16,1,2,1,35,2,0,5,0,0,59,14,33,0,0,0,0,3,2,1,1,9,3,5,2,2,0,1,0,4,0,6,0,0,0,0,37,2,0,8,0,0,6,5,2,2
2024-08-01,5,1,2,68,12,2,31,13,2,2,1,79,3,0,6,0,0,60,8,48,0,0,0,0,3,2,2,1,11,4,6,2,3,0,2,0,3,0,7,0,0,0,0,22,6,0,8,0,0,7,6,2,3
2024-09-01,5,1,2,63,11,2,29,12,1,2,1,69,3,0,11,8,0,72,7,30,0,0,0,0,4,3,2,1,12,4,6,2,3,0,1,0,4,0,7,2,2,0,0,44,5,0,5,0,0,6,6,2,2
2024-10-01,5,1,2,75,10,1,24,12,3,2,1,33,6,0,7,0,0,86,10,82,0,0,0,0,8,5,2,1,13,5,6,2,3,0,1,0,3,0,6,2,3,0,0,63,3,0,7,0,0,6,5,2,3
2024-11-01,5,1,2,68,11,3,26,15,1,13,3,45,8,0,6,7,0,90,8,58,0,0,0,0,2,2,2,0,10,3,6,2,2,0,1,0,3,0,4,0,0,0,0,0,4,0,7,0,0,6,5,1,3
2024-12-01,5,1,2,81,12,8,28,16,2,24,8,11,3,1,3,5,7,82,10,33,0,0,0,0,2,2,1,0,10,3,6,1,3,0,1,3,2,0,7,1,1,1,0,14,3,3,11,2,0,5,4,2,1
