timestamp,peak_players
2024-01-01 00:00:00,1277907
2024-02-01 00:00:00,1347519
2024-03-01 00:00:00,1521796
2024-04-01 00:00:00,1618685
2024-05-01 00:00:00,1614925
2024-06-01 00:00:00,1510840
2024-07-01 00:00:00,1342171
2024-08-01 00:00:00,1425958
2024-09-01 00:00:00,1473144
2024-09-24 00:00:00,1345134
2024-09-25 00:00:00,1337852
2024-09-26 00:00:00,1269659
2024-09-27 00:00:00,1349267
2024-09-28 00:00:00,1351900
2024-09-29 00:00:00,1377556
2024-09-30 00:00:00,1282822
2024-10-01 00:00:00,1181540
2024-10-02 00:00:00,1203757
2024-10-03 00:00:00,1317481
2024-10-04 00:00:00,1316149
2024-10-05 00:00:00,1356166
2024-10-06 00:00:00,1449701
2024-10-07 00:00:00,1363872
2024-10-08 00:00:00,1394652
2024-10-09 00:00:00,1387536
2024-10-10 00:00:00,1327941
2024-10-11 00:00:00,1359212
2024-10-12 00:00:00,1484045
2024-10-13 00:00:00,1456433
2024-10-14 00:00:00,1350044
2024-10-15 00:00:00,1340689
2024-10-16 00:00:00,1363774
2024-10-17 00:00:00,1338261
2024-10-18 00:00:00,1381046
2024-10-19 00:00:00,1433218
2024-10-20 00:00:00,1442806
2024-10-21 00:00:00,1355963
2024-10-22 00:00:00,1362014
2024-10-23 00:00:00,1394521
2024-10-24 00:00:00,1333709
2024-10-25 00:00:00,1354444
2024-10-26 00:00:00,1362168
2024-10-27 00:00:00,1359073
2024-10-28 00:00:00,1290730
2024-10-29 00:00:00,1278907
2024-10-30 00:00:00,1288761
2024-10-31 00:00:00,1282491
2024-11-01 00:00:00,1304013
2024-11-02 00:00:00,1279785
2024-11-03 00:00:00,1406484
2024-11-04 00:00:00,1325387
2024-11-05 00:00:00,1286494
2024-11-06 00:00:00,1327574
2024-11-07 00:00:00,1249266
2024-11-08 00:00:00,1343844
2024-11-09 00:00:00,1395333
2024-11-10 00:00:00,1409594
2024-11-11 00:00:00,1346798
2024-11-12 00:00:00,1349935
2024-11-13 00:00:00,1369364
2024-11-14 00:00:00,1418430
2024-11-15 00:00:00,1429481
2024-11-16 00:00:00,1490306
2024-11-17 00:00:00,1508761
2024-11-18 00:00:00,1404536
2024-11-19 00:00:00,1382136
2024-11-20 00:00:00,1467418
2024-11-21 00:00:00,1411595
2024-11-22 00:00:00,1443038
2024-11-22 23:02:02,786304
2024-11-23 00:02:01,689627
2024-11-23 01:01:40,634077
2024-11-23 02:01:12,629712
2024-11-23 03:01:07,666200
2024-11-23 04:02:06,676120
2024-11-23 05:01:11,741473
2024-11-23 06:01:34,819340
2024-11-23 07:01:59,891843
2024-11-23 08:01:34,960281
2024-11-23 09:01:28,972692
2024-11-23 10:01:26,951671
2024-11-23 11:01:27,1005037
2024-11-23 12:00:47,1189894
2024-11-23 13:01:46,1348055
2024-11-23 14:01:24,1525073
2024-11-23 15:01:36,1508724
2024-11-23 16:01:50,1328137
2024-11-23 17:00:47,1190849
2024-11-23 18:01:34,1110136
2024-11-23 19:01:43,1072729
2024-11-23 20:01:34,1035897
2024-11-23 21:01:03,967971
2024-11-23 22:02:56,899542
2024-11-23 23:00:47,802568
2024-11-24 00:01:48,702763
2024-11-24 01:00:46,637020
2024-11-24 02:01:42,628656
2024-11-24 03:00:42,668174
2024-11-24 04:01:39,652883
2024-11-24 05:02:37,734809
2024-11-24 06:00:45,851984
2024-11-24 07:01:31,938722
2024-11-24 08:01:33,1003306
2024-11-24 09:01:28,1011967
2024-11-24 10:01:04,973656
2024-11-24 11:01:48,1025358
2024-11-24 12:01:44,1206402
2024-11-24 13:01:40,1395973
2024-11-24 14:01:34,1503204
2024-11-24 15:02:21,1384322
2024-11-24 16:01:53,1155629
2024-11-24 17:01:15,1063269
2024-11-24 18:02:05,1030931
2024-11-24 19:01:43,1015582
2024-11-24 20:02:03,981429
2024-11-24 21:01:37,875245
2024-11-24 22:01:55,765661
2024-11-24 23:01:03,656068
2024-11-25 00:00:28,584764
2024-11-25 01:01:46,545181
2024-11-25 02:01:32,535336
2024-11-25 03:02:23,561108
2024-11-25 04:01:26,559431
2024-11-25 05:01:00,628828
2024-11-25 06:01:29,619105
2024-11-25 07:01:27,631384
2024-11-25 08:01:33,688177
2024-11-25 09:01:36,778108
2024-11-25 10:01:52,788659
2024-11-25 11:01:22,866656
2024-11-25 12:01:43,1047788
2024-11-25 13:01:13,1242782
2024-11-25 14:01:29,1396001
2024-11-25 15:01:00,1254840
2024-11-25 16:01:34,1038614
2024-11-25 17:01:06,955414
2024-11-25 18:00:27,927507
2024-11-25 19:01:31,952148
2024-11-25 20:01:27,935082
2024-11-25 21:01:59,849061
2024-11-25 22:00:30,752021
2024-11-25 23:01:30,645035
2024-11-26 00:00:41,572736
2024-11-26 01:01:29,544903
2024-11-26 02:01:28,551415
2024-11-26 03:00:48,578709
2024-11-26 04:01:38,573550
2024-11-26 05:00:29,651604
2024-11-26 06:01:40,633375
2024-11-26 07:00:30,643889
2024-11-26 08:02:05,702495
2024-11-26 09:01:34,791277
2024-11-26 10:01:29,797499
2024-11-26 11:01:36,869266
2024-11-26 12:00:58,1032133
2024-11-26 13:01:41,1257745
2024-11-26 14:00:49,1421019
2024-11-26 15:01:33,1292052
2024-11-26 16:01:04,1086379
2024-11-26 17:01:37,986155
2024-11-26 18:01:36,972826
2024-11-26 19:00:40,972683
2024-11-26 20:01:30,938820
2024-11-26 21:01:43,845800
2024-11-26 22:01:18,741719
2024-11-26 23:02:04,649001
2024-11-27 00:01:48,434922
2024-11-27 01:01:46,448547
2024-11-27 02:01:07,497922
2024-11-27 03:01:48,569504
2024-11-27 04:00:59,575283
2024-11-27 05:01:55,688201
2024-11-27 06:02:30,671736
2024-11-27 07:01:19,684905
2024-11-27 08:00:53,747887
2024-11-27 09:01:36,840691
2024-11-27 10:01:05,846424
2024-11-27 11:01:32,924485
2024-11-27 12:02:21,1118533
2024-11-27 13:01:34,1328138
2024-11-27 14:00:39,1500453
2024-11-27 15:01:57,1361943
2024-11-27 16:00:56,1112232
2024-11-27 17:01:37,1017484
2024-11-27 18:01:02,1011863
2024-11-27 19:00:43,1005111
2024-11-27 20:01:35,956152
2024-11-27 21:01:03,858679
2024-11-27 22:01:39,758288
2024-11-27 23:01:28,632036
2024-11-28 00:01:29,604915
2024-11-28 01:01:04,567627
2024-11-28 02:03:16,561573
2024-11-28 03:01:18,604304
2024-11-28 04:02:14,607859
2024-11-28 05:01:03,698402
2024-11-28 06:00:51,678058
2024-11-28 07:01:36,688620
2024-11-28 08:00:36,746795
2024-11-28 09:01:31,840181
2024-11-28 10:01:28,846193
2024-11-28 11:01:30,913492
2024-11-28 12:01:46,1095875
2024-11-28 13:01:09,1281965
2024-11-28 14:01:26,1463260
2024-11-28 15:01:32,1343559
2024-11-28 16:01:08,1116374
2024-11-28 17:01:36,1016861
2024-11-28 18:00:54,978868
2024-11-28 19:02:24,965254
2024-11-28 20:02:28,934637
2024-11-28 21:00:53,864546
2024-11-28 22:01:03,747190
2024-11-28 23:01:47,660048
2024-11-29 00:01:04,588761
2024-11-29 01:00:35,561895
2024-11-29 02:01:46,561149
2024-11-29 03:01:32,594024
2024-11-29 04:01:07,594277
2024-11-29 05:01:42,682645
2024-11-29 06:00:33,679923
2024-11-29 07:01:18,705744
2024-11-29 08:01:39,765824
2024-11-29 09:01:27,853148
2024-11-29 10:01:39,874695
2024-11-29 11:01:28,956860
2024-11-29 12:01:29,1156666
2024-11-29 13:01:50,1365124
2024-11-29 14:00:44,1508609
2024-11-29 15:00:32,1479726
2024-11-29 16:01:18,1308778
2024-11-29 17:00:32,1177392
2024-11-29 18:01:33,1100609
2024-11-29 19:01:33,1071382
2024-11-29 20:01:29,1030257
2024-11-29 21:01:16,999713
2024-11-29 22:01:39,920546
2024-11-29 23:00:52,814059
2024-11-30 00:00:51,708257
2024-11-30 01:03:17,646016
2024-11-30 02:00:33,648950
2024-11-30 03:01:00,687731
2024-11-30 04:02:06,692097
2024-11-30 05:01:01,772913
2024-11-30 06:01:38,871321
2024-11-30 07:01:06,936460
2024-11-30 08:01:34,1016818
2024-11-30 09:00:52,1043423
2024-11-30 10:01:34,1010206
2024-11-30 11:01:31,1063991
2024-11-30 12:01:30,1255132
2024-11-30 13:02:56,1444769
2024-11-30 14:01:29,1556938
2024-11-30 15:01:29,1514768
2024-11-30 16:01:39,1342093
2024-11-30 17:01:29,1209213
2024-11-30 18:01:16,1121155
2024-11-30 19:00:30,1062588
2024-11-30 20:01:10,1065208
2024-11-30 21:01:35,1012415
2024-11-30 22:01:33,927756
2024-11-30 23:01:27,813799
2024-12-01 00:01:34,713477
2024-12-01 01:01:27,649959
2024-12-01 02:01:56,648254
2024-12-01 03:02:21,686286
2024-12-01 04:01:37,697888
2024-12-01 05:00:57,761812
2024-12-01 06:01:37,867842
2024-12-01 07:01:30,957946
2024-12-01 08:00:39,1009935
2024-12-01 09:01:35,1034216
2024-12-01 10:01:28,976303
2024-12-01 11:00:38,988148
2024-12-01 12:01:31,1187231
2024-12-01 13:02:21,1388835
2024-12-01 14:02:04,1504816
2024-12-01 15:01:40,1354397
2024-12-01 16:01:32,1139973
2024-12-01 17:01:22,1045426
2024-12-01 18:01:37,1011751
2024-12-01 19:02:03,1003816
2024-12-01 20:01:32,959239
2024-12-01 21:01:28,865911
2024-12-01 22:01:37,755524
2024-12-01 23:00:49,658644
2024-12-02 00:01:32,579274
2024-12-02 01:01:31,548918
2024-12-02 02:01:18,520761
2024-12-02 03:00:41,548614
2024-12-02 04:01:37,545687
2024-12-02 05:01:24,616317
2024-12-02 06:02:28,608263
2024-12-02 07:01:33,627042
2024-12-02 08:01:23,688921
2024-12-02 09:00:35,781596
2024-12-02 10:01:31,795029
2024-12-02 11:01:28,855758
2024-12-02 12:01:42,1044532
2024-12-02 13:01:31,1252959
2024-12-02 14:02:05,1365911
2024-12-02 15:00:29,1262887
2024-12-02 16:01:37,1014442
2024-12-02 17:00:29,934852
2024-12-02 18:00:36,922462
2024-12-02 19:01:41,915756
2024-12-02 20:00:37,893569
2024-12-02 21:01:38,824549
2024-12-02 22:00:32,730491
2024-12-02 23:00:32,648022
2024-12-03 00:01:38,580324
2024-12-03 01:01:02,551296
2024-12-03 02:01:16,520457
2024-12-03 03:01:08,542950
2024-12-03 04:00:36,535016
2024-12-03 05:02:58,620288
2024-12-03 06:01:01,597811
2024-12-03 07:02:39,613819
2024-12-03 08:00:27,672553
2024-12-03 09:01:07,764465
2024-12-03 10:01:32,774852
2024-12-03 11:01:28,844818
2024-12-03 12:01:58,1037049
2024-12-03 13:01:36,1256718
2024-12-03 14:00:33,1401773
2024-12-03 15:01:41,1271334
2024-12-03 16:01:29,1058580
2024-12-03 17:00:47,985045
2024-12-03 18:02:30,948689
2024-12-03 19:01:24,953143
2024-12-03 20:01:36,918687
2024-12-03 21:01:29,838986
2024-12-03 22:00:50,692063
2024-12-03 23:01:33,655754
2024-12-04 00:01:06,599044
2024-12-04 01:01:42,574500
2024-12-04 02:01:29,592415
2024-12-04 03:00:49,649283
2024-12-04 04:01:54,651365
2024-12-04 05:00:39,757656
2024-12-04 06:01:18,741993
2024-12-04 07:01:31,748275
2024-12-04 08:01:29,800413
2024-12-04 09:01:29,881486
2024-12-04 10:01:28,842328
2024-12-04 11:01:28,914142
2024-12-04 12:02:47,1135351
2024-12-04 13:01:52,1348183
2024-12-04 14:01:47,1509212
2024-12-04 15:01:28,1390089
2024-12-04 16:01:14,1136011
2024-12-04 17:00:59,1023867
2024-12-04 18:01:31,993289
2024-12-04 19:01:30,989868
2024-12-04 20:02:03,943667
2024-12-04 21:01:28,876269
2024-12-04 22:01:07,785107
2024-12-04 23:01:33,686858
2024-12-05 00:00:45,606657
2024-12-05 01:01:11,573211
2024-12-05 02:02:10,570507
2024-12-05 03:02:20,600978
2024-12-05 04:01:00,580823
2024-12-05 05:01:38,657886
2024-12-05 06:01:24,648860
2024-12-05 07:01:09,666231
2024-12-05 08:01:06,724181
2024-12-05 09:01:34,799528
2024-12-05 10:01:33,802009
2024-12-05 11:01:33,869646
2024-12-05 12:02:41,1066884
2024-12-05 13:01:33,1292598
2024-12-05 14:01:31,1465785
2024-12-05 15:01:29,1342533
2024-12-05 16:01:18,1108417
2024-12-05 17:00:30,1007027
2024-12-05 18:01:38,975770
2024-12-05 19:00:29,967543
2024-12-05 20:02:08,939475
2024-12-05 21:01:06,870050
2024-12-05 22:01:31,764799
2024-12-05 23:02:32,670606
2024-12-06 00:01:40,470760
2024-12-06 01:02:39,473231
2024-12-06 02:01:55,499630
2024-12-06 03:02:31,534317
2024-12-06 04:01:45,533953
2024-12-06 05:01:32,602906
2024-12-06 06:01:06,616875
2024-12-06 07:01:32,646084
2024-12-06 08:01:12,714335
2024-12-06 09:01:04,792781
2024-12-06 10:00:41,769200
2024-12-06 11:01:34,877767
2024-12-06 12:01:34,1080252
2024-12-06 13:00:56,1287791
2024-12-06 14:01:33,1441550
2024-12-06 15:00:29,1411745
2024-12-06 16:01:39,1224483
2024-12-06 17:01:27,1097490
2024-12-06 18:00:28,1025663
2024-12-06 19:03:49,996503
2024-12-06 20:01:45,987178
2024-12-06 21:00:40,920580
2024-12-06 22:03:05,850447
2024-12-06 23:02:32,751169
2024-12-07 00:00:46,667319
2024-12-07 01:01:05,609397
2024-12-07 02:01:54,608353
2024-12-07 03:01:40,640855
2024-12-07 04:07:55,640429
2024-12-07 05:02:12,724127
2024-12-07 06:01:47,830613
2024-12-07 07:01:30,910554
2024-12-07 08:01:36,974335
2024-12-07 09:00:26,1004097
2024-12-07 10:01:35,948520
2024-12-07 11:00:41,1015312
2024-12-07 12:01:36,1206282
2024-12-07 13:01:38,1451518
2024-12-07 14:02:09,1573901
2024-12-07 15:01:46,1521052
2024-12-07 16:01:51,1338393
2024-12-07 17:01:37,1193262
2024-12-07 18:01:40,1104152
2024-12-07 19:02:46,1093504
2024-12-07 20:01:04,1062155
2024-12-07 21:02:09,1010233
2024-12-07 22:02:24,914716
2024-12-07 23:00:46,826162
2024-12-08 00:01:56,696602
2024-12-08 01:02:30,628305
2024-12-08 02:01:50,607798
2024-12-08 03:01:27,625562
2024-12-08 04:03:30,674782
2024-12-08 05:01:33,745425
2024-12-08 06:02:31,874850
2024-12-08 07:01:27,961472
2024-12-08 08:00:59,1026889
2024-12-08 09:01:33,1043243
2024-12-08 10:01:17,1004981
2024-12-08 11:01:30,1032459
2024-12-08 12:02:08,1230769
2024-12-08 13:01:33,1478373
2024-12-08 14:01:48,1595114
2024-12-08 15:03:01,1429867
2024-12-08 16:02:01,1205693
2024-12-08 17:01:41,1110083
2024-12-08 18:01:36,1063233
2024-12-08 19:01:55,1012360
2024-12-08 20:00:41,954473
2024-12-08 21:01:25,869214
2024-12-08 22:01:26,775872
2024-12-08 23:01:13,665799
2024-12-09 00:00:01,588245
2024-12-09 01:01:46,554297
2024-12-09 02:02:16,546038
2024-12-09 03:00:36,576142
2024-12-09 04:02:10,577693
2024-12-09 05:01:37,653225
2024-12-09 06:01:29,633670
2024-12-09 07:01:23,650449
2024-12-09 08:01:16,709784
2024-12-09 09:02:11,819842
2024-12-09 10:03:37,829573
2024-12-09 11:01:04,902707
2024-12-09 12:01:38,1063801
2024-12-09 13:00:27,1275293
2024-12-09 14:01:32,1459806
2024-12-09 15:00:59,1334055
2024-12-09 16:01:33,1088217
2024-12-09 17:00:27,995293
2024-12-09 18:01:37,980552
2024-12-09 19:00:39,970905
2024-12-09 20:01:18,953317
2024-12-09 21:01:31,876181
2024-12-09 22:01:39,774185
2024-12-09 23:02:49,670731
2024-12-10 00:02:11,600617
2024-12-10 01:00:43,565916
2024-12-10 02:01:53,557534
2024-12-10 03:00:48,581924
2024-12-10 04:01:42,578420
2024-12-10 05:01:14,659436
2024-12-10 06:01:36,652773
2024-12-10 07:01:06,668008
2024-12-10 08:01:32,724349
2024-12-10 09:01:13,810180
2024-12-10 10:01:26,828747
2024-12-10 11:00:30,898335
2024-12-10 12:01:40,1083898
2024-12-10 13:01:04,1293141
2024-12-10 14:00:31,1460550
2024-12-10 15:00:58,1336306
2024-12-10 16:01:38,1095553
2024-12-10 17:01:01,999610
2024-12-10 18:01:33,977517
2024-12-10 19:02:39,959164
2024-12-10 20:00:27,944608
2024-12-10 21:01:33,870066
2024-12-10 22:01:28,769182
2024-12-10 23:01:41,687591
2024-12-11 00:01:55,480082
2024-12-11 01:02:22,489144
2024-12-11 02:03:06,526424
2024-12-11 03:02:22,586435
2024-12-11 04:01:31,591118
2024-12-11 05:01:33,702403
2024-12-11 06:01:28,692234
2024-12-11 07:00:34,708406
2024-12-11 08:00:54,762833
2024-12-11 09:01:32,857895
2024-12-11 10:00:36,866793
2024-12-11 11:01:37,932724
2024-12-11 12:01:27,1137838
2024-12-11 13:01:37,1359288
2024-12-11 14:00:44,1523351
2024-12-11 15:02:08,1380898
2024-12-11 16:01:33,1121874
2024-12-11 17:01:36,1027451
2024-12-11 18:00:54,1006883
2024-12-11 19:00:49,993124
2024-12-11 20:01:27,950243
2024-12-11 21:01:34,868577
2024-12-11 22:01:33,757110
2024-12-11 23:01:54,681116
2024-12-12 00:01:58,598099
2024-12-12 01:01:40,559765
2024-12-12 02:01:37,440125
2024-12-12 03:00:50,491353
2024-12-12 04:01:27,512747
2024-12-12 05:00:35,601856
2024-12-12 06:01:36,584951
2024-12-12 07:01:30,585875
2024-12-12 08:00:43,650818
2024-12-12 09:00:49,759687
2024-12-12 10:01:33,740424
2024-12-12 11:02:35,818041
2024-12-12 12:01:36,1048507
2024-12-12 13:01:39,1302249
2024-12-12 14:01:02,1465724
2024-12-12 15:00:42,1324996
2024-12-12 16:01:37,1094242
2024-12-12 17:01:31,990682
2024-12-12 18:01:23,963979
2024-12-12 19:01:36,939654
2024-12-12 20:01:28,925924
2024-12-12 21:01:28,863866
2024-12-12 22:01:30,758168
2024-12-12 23:01:57,661876
2024-12-13 00:02:23,587925
2024-12-13 01:02:52,544535
2024-12-13 02:01:35,537822
2024-12-13 03:00:54,568836
2024-12-13 04:01:59,572488
2024-12-13 05:01:31,663942
2024-12-13 06:01:30,592172
2024-12-13 07:00:29,587731
2024-12-13 08:01:33,664620
2024-12-13 09:00:55,719471
2024-12-13 10:01:01,831031
2024-12-13 11:01:31,886161
2024-12-13 12:01:34,1089265
2024-12-13 13:01:51,1288297
2024-12-13 14:02:56,1516488
2024-12-13 15:01:00,1460908
2024-12-13 16:00:45,1252436
2024-12-13 17:02:39,1127891
2024-12-13 18:01:24,1048106
2024-12-13 19:01:08,1032791
2024-12-13 20:01:01,1013172
2024-12-13 21:01:54,968826
2024-12-13 22:01:26,883280
2024-12-13 23:02:26,767922
2024-12-14 00:01:44,660964
2024-12-14 01:02:24,606503
2024-12-14 02:01:44,600411
2024-12-14 03:01:39,625422
2024-12-14 04:01:35,650098
2024-12-14 05:00:57,757262
2024-12-14 06:01:39,828552
2024-12-14 07:01:15,856225
2024-12-14 08:02:32,910415
2024-12-14 09:00:27,926829
2024-12-14 10:01:13,971236
2024-12-14 11:01:35,947377
2024-12-14 12:01:32,1123185
2024-12-14 13:01:38,1431307
2024-12-14 14:01:06,1657562
2024-12-14 15:01:58,1580415
2024-12-14 16:02:00,1358594
2024-12-14 17:01:52,1202920
2024-12-14 18:02:01,1113147
2024-12-14 19:01:11,1068973
2024-12-14 20:01:07,1025883
2024-12-14 21:01:05,973339
2024-12-14 22:01:58,888912
2024-12-14 23:01:10,781402
2024-12-15 00:01:11,664596
2024-12-15 01:02:00,594429
2024-12-15 02:01:51,583262
2024-12-15 03:01:14,618472
2024-12-15 04:01:03,635663
2024-12-15 05:00:58,708980
2024-12-15 06:01:03,838984
2024-12-15 07:00:46,939662
2024-12-15 08:01:07,990477
2024-12-15 09:02:20,988321
2024-12-15 10:01:27,841143
2024-12-15 11:02:11,896306
2024-12-15 12:01:27,1024000
2024-12-15 13:00:39,1468220
2024-12-15 14:02:09,1740261
2024-12-15 15:01:30,1514705
2024-12-15 16:02:34,1222480
2024-12-15 17:03:07,1082245
2024-12-15 18:01:30,1050412
2024-12-15 19:01:57,1024351
2024-12-15 20:01:39,985247
2024-12-15 21:00:45,913496
2024-12-15 22:02:03,791190
2024-12-15 23:02:42,674903
2024-12-16 00:01:56,592079
2024-12-16 01:02:14,555621
2024-12-16 02:02:21,550162
2024-12-16 03:01:02,582700
2024-12-16 04:01:30,589211
2024-12-16 05:00:30,672633
2024-12-16 06:01:32,659764
2024-12-16 07:01:27,681480
2024-12-16 08:00:40,744470
2024-12-16 09:01:32,850194
2024-12-16 10:01:35,860836
2024-12-16 11:01:35,931887
2024-12-16 12:00:39,1119839
2024-12-16 13:01:58,1386362
2024-12-16 14:00:43,1551451
2024-12-16 15:01:34,1380609
2024-12-16 16:01:29,1125715
2024-12-16 17:02:30,1012455
2024-12-16 18:01:00,987036
2024-12-16 19:01:37,971374
2024-12-16 20:00:31,940868
2024-12-16 21:00:27,872682
2024-12-16 22:01:36,748626
2024-12-16 23:01:31,644867
2024-12-17 00:00:48,578938
2024-12-17 01:01:54,540844
2024-12-17 02:00:53,535117
2024-12-17 03:02:27,573917
2024-12-17 04:00:36,573317
2024-12-17 05:01:37,668214
2024-12-17 06:00:28,657608
2024-12-17 07:01:37,680590
2024-12-17 08:00:50,746088
2024-12-17 09:01:37,848645
2024-12-17 10:01:07,855986
2024-12-17 11:01:29,924858
2024-12-17 12:01:41,1137278
2024-12-17 13:01:18,1356503
2024-12-17 14:01:58,1539042
2024-12-17 15:01:05,1402757
2024-12-17 16:01:31,1142651
2024-12-17 17:01:06,1020874
2024-12-17 18:01:43,992665
2024-12-17 19:00:57,981244
2024-12-17 20:01:30,950439
2024-12-17 21:01:45,862397
2024-12-17 22:01:18,762452
2024-12-17 23:02:11,663438
2024-12-18 00:01:49,456347
2024-12-18 01:01:58,468466
2024-12-18 02:01:28,504051
2024-12-18 03:01:58,576086
2024-12-18 04:01:44,582914
2024-12-18 05:03:16,704821
2024-12-18 06:01:28,662272
2024-12-18 07:01:28,670328
2024-12-18 08:00:32,751997
2024-12-18 09:01:34,862119
2024-12-18 10:00:42,871629
2024-12-18 11:00:36,935772
2024-12-18 12:01:13,1158534
2024-12-18 13:01:46,1408552
2024-12-18 14:00:55,1589645
2024-12-18 15:01:33,1425247
2024-12-18 16:01:23,1152112
2024-12-18 17:00:59,1033203
2024-12-18 18:01:43,1000092
2024-12-18 19:00:59,992956
2024-12-18 20:01:11,963328
2024-12-18 21:01:44,904927
2024-12-18 22:01:31,795835
2024-12-18 23:02:06,684027
2024-12-19 00:02:04,524269
2024-12-19 01:02:10,479157
2024-12-19 02:02:58,457128
2024-12-19 03:01:00,522701
2024-12-19 04:01:43,557736
2024-12-19 05:01:33,661980
2024-12-19 06:01:40,663377
2024-12-19 07:02:53,693851
2024-12-19 08:00:31,757930
2024-12-19 09:01:45,859200
2024-12-19 10:01:09,876191
2024-12-19 11:01:30,952307
2024-12-19 12:01:40,1168228
2024-12-19 13:01:46,1414193
2024-12-19 14:00:47,1585721
2024-12-19 15:00:40,1447763
2024-12-19 16:01:36,1182798
2024-12-19 17:02:36,1054788
2024-12-19 18:01:31,1022783
2024-12-19 19:01:35,573640
2024-12-19 20:01:21,857810
2024-12-19 21:01:49,825888
2024-12-19 22:00:36,754097
2024-12-19 23:04:06,636902
2024-12-20 00:02:18,526103
2024-12-20 01:02:22,519493
2024-12-20 02:01:56,527243
2024-12-20 03:02:12,573098
2024-12-20 04:02:39,582365
2024-12-20 05:02:14,679751
2024-12-20 06:00:28,699515
2024-12-20 07:01:21,736178
2024-12-20 08:01:18,779639
2024-12-20 09:00:42,870896
2024-12-20 10:01:21,888824
2024-12-20 11:01:11,975158
2024-12-20 12:01:41,1212404
2024-12-20 13:02:06,1448548
2024-12-20 14:01:20,1492004
2024-12-20 15:01:52,1549477
2024-12-20 16:01:00,1376075
2024-12-20 17:00:30,1221754
2024-12-20 18:01:25,1130375
2024-12-20 19:01:33,1079656
2024-12-20 20:01:02,1046248
2024-12-20 21:00:42,996400
2024-12-20 22:02:20,903221
2024-12-20 23:02:00,774688
2024-12-21 00:02:11,678160
2024-12-21 01:02:14,613442
2024-12-21 02:01:46,609989
2024-12-21 03:02:54,639957
2024-12-21 04:02:47,656061
2024-12-21 05:01:45,734908
2024-12-21 06:01:27,852056
2024-12-21 07:01:27,958169
2024-12-21 08:00:56,1021978
2024-12-21 09:00:47,1042421
2024-12-21 10:01:22,1001889
2024-12-21 11:01:31,1045403
2024-12-21 12:01:28,1255453
2024-12-21 13:01:39,1489918
2024-12-21 14:01:44,1627158
2024-12-21 15:01:29,1579499
2024-12-21 16:01:58,1385523
2024-12-21 17:02:01,1242995
2024-12-21 18:01:59,1157539
2024-12-21 19:02:03,1106760
2024-12-21 20:02:21,1063389
2024-12-21 21:01:15,1006562
2024-12-21 22:00:46,920203
2024-12-21 23:01:17,803454
2024-12-22 00:02:00,703657
2024-12-22 01:01:27,642584
2024-12-22 02:02:04,628361
2024-12-22 03:01:58,655477
2024-12-22 04:02:05,670346
2024-12-22 05:01:35,749068
2024-12-22 06:01:29,887061
2024-12-22 07:02:03,1002877
2024-12-22 08:01:28,1069075
2024-12-22 09:01:05,1080571
2024-12-22 10:00:37,1026072
2024-12-22 11:01:31,1076915
2024-12-22 12:00:53,1288549
2024-12-22 13:01:45,1520041
2024-12-22 14:01:44,1641580
2024-12-22 15:01:51,1474548
2024-12-22 16:02:00,1225830
2024-12-22 17:01:09,1105221
2024-12-22 18:01:39,1055804
2024-12-22 19:02:03,1038244
2024-12-22 20:01:25,1014334
2024-12-22 21:00:46,954854
2024-12-22 22:01:50,854815
